<?xml version="1.0" encoding="utf-8" ?>
<dwsync>
<file name="00.png" server="C:/wamp/www/Web_CV/" local="130912011460000000" remote="130912011460000000" Dst="1" />
<file name="ok.png" server="C:/wamp/www/Web_CV/" local="130912011460000000" remote="130912011460000000" Dst="1" />
<file name="new_img.txt" server="C:/wamp/www/Web_CV/" local="131218108975365746" remote="131218108970000000" Dst="1" />
<file name="old_img.txt" server="C:/wamp/www/Web_CV/" local="131218116467943953" remote="131218116460000000" Dst="1" />
<file name="new_img.txt" server="C:/wamp/www/Web_Cv/" local="131218108975365746" remote="131218108970000000" Dst="1" />
<file name="ok.png" server="C:/wamp/www/Web_Cv/" local="130912011460000000" remote="130912011460000000" Dst="1" />
<file name="old_img.txt" server="C:/wamp/www/Web_Cv/" local="131218116467943953" remote="131218116460000000" Dst="1" />
<file name="00.png" server="C:/wamp/www/Web_Cv/" local="130912011460000000" remote="130912011460000000" Dst="1" />
</dwsync>