<?xml version="1.0" encoding="utf-8" ?>
<dwsync>
<file name="Secciones_Borrar_01.php" server="C:/wamp/www/MCGestion/" local="131160028472648696" remote="131160028470000000" Dst="1" />
<file name="Secciones_Borrar_02.php" server="C:/wamp/www/MCGestion/" local="131160029343098664" remote="131160029340000000" Dst="1" />
<file name="Secciones_Crear.php" server="C:/wamp/www/MCGestion/" local="131224668281545201" remote="131224668280000000" Dst="1" />
<file name="Secciones_Modificar_01.php" server="C:/wamp/www/MCGestion/" local="131160032923341216" remote="131160032920000000" Dst="1" />
<file name="Secciones_Modificar_02.php" server="C:/wamp/www/MCGestion/" local="131160034093430686" remote="131160034090000000" Dst="1" />
<file name="Secciones_Ver.php" server="C:/wamp/www/MCGestion/" local="131160036624414226" remote="131160036620000000" Dst="1" />
<file name="Secciones_Crear.php" server="C:/wamp/www/Web_CV/" local="131235330720028048" remote="131235330720000000" Dst="1" />
<file name="Secciones_Ver.php" server="C:/wamp/www/Web_CV/" local="131235315959676340" remote="131235315950000000" Dst="1" />
<file name="Secciones_Borrar_01.php" server="C:/wamp/www/Web_CV/" local="131235322679960634" remote="131235322670000000" Dst="1" />
<file name="Secciones_Borrar_02.php" server="C:/wamp/www/Web_CV/" local="131235328327885174" remote="131235328320000000" Dst="1" />
<file name="Secciones_Modificar_01.php" server="C:/wamp/www/Web_CV/" local="131235321541431082" remote="131235321540000000" Dst="1" />
<file name="Secciones_Modificar_02.php" server="C:/wamp/www/Web_CV/" local="131235298077348678" remote="131235298070000000" Dst="1" />
<file name="Secciones_Borrar_01.php" server="C:/wamp/www/Web_Cv/" local="131770583060843510" remote="131770583060000000" Dst="1" />
<file name="Secciones_Borrar_02.php" server="C:/wamp/www/Web_Cv/" local="131770583003768238" remote="131770583000000000" Dst="1" />
<file name="Secciones_Crear.php" server="C:/wamp/www/Web_Cv/" local="131913589790858617" remote="131913589790000000" Dst="1" />
<file name="Secciones_Modificar_01.php" server="C:/wamp/www/Web_Cv/" local="131770582880308386" remote="131770582880000000" Dst="1" />
<file name="Secciones_Modificar_02.php" server="C:/wamp/www/Web_Cv/" local="131770583168032874" remote="131770583160000000" Dst="1" />
<file name="Secciones_Ver.php" server="C:/wamp/www/Web_Cv/" local="131770583114391242" remote="131770583110000000" Dst="1" />
</dwsync>