<?xml version="1.0" encoding="utf-8" ?>
<dwsync>
<file name="SpryMenuBarRight.gif" server="C:/wamp/www/MCGestion/" local="128786325760000000" remote="128786325760000000" Dst="2" />
<file name="SpryMenuBarRightHover.gif" server="C:/wamp/www/MCGestion/" local="128786325760000000" remote="128786325760000000" Dst="2" />
<file name="SpryMenuBar.js" server="C:/wamp/www/MCGestion/" local="128786325740000000" remote="128786325740000000" Dst="2" />
<file name="SpryMenuBarVertical.css" server="C:/wamp/www/MCGestion/" local="131138571493971985" remote="131138571490000000" Dst="2" />
<file name="menuvert.html" server="C:/wamp/www/MCGestion/" local="131117700684311640" remote="131117700680000000" Dst="2" />
<file name="SpryMenuBarRight_blue.gif" server="C:/wamp/www/MCGestion/" local="129089270280000000" remote="129089270280000000" Dst="2" />
<file name="SpryMenuBarVertical - copia.css" server="C:/wamp/www/MCGestion/" local="131113281630428624" remote="131113281630000000" Dst="2" />
<file name="SpryMenuBarRight.gif" server="C:/wamp/www/Conta_Juan/" local="128786325760000000" remote="128786325760000000" Dst="1" />
<file name="SpryMenuBarRightHover.gif" server="C:/wamp/www/Conta_Juan/" local="128786325760000000" remote="128786325760000000" Dst="1" />
<file name="SpryMenuBar.js" server="C:/wamp/www/Conta_Juan/" local="128786325740000000" remote="128786325740000000" Dst="1" />
<file name="SpryMenuBarVertical.css" server="C:/wamp/www/Conta_Juan/" local="131208477262533864" remote="131208477260000000" Dst="1" />
<file name="menuvert.html" server="C:/wamp/www/Conta_Juan/" local="131117700684311640" remote="131117700680000000" Dst="1" />
<file name="SpryMenuBarRight_blue.gif" server="C:/wamp/www/Conta_Juan/" local="129089270280000000" remote="129089270280000000" Dst="1" />
<file name="SpryMenuBarVertical - copia.css" server="C:/wamp/www/Conta_Juan/" local="131113281630428624" remote="131113281630000000" Dst="1" />
<file name="menuvert.html" server="C:/wamp/www/Web_CV/" local="131117700684311640" remote="131117700680000000" Dst="1" />
<file name="SpryMenuBar.js" server="C:/wamp/www/Web_CV/" local="128786325740000000" remote="128786325740000000" Dst="1" />
<file name="SpryMenuBarRight.gif" server="C:/wamp/www/Web_CV/" local="128786325760000000" remote="128786325760000000" Dst="1" />
<file name="SpryMenuBarRightHover.gif" server="C:/wamp/www/Web_CV/" local="128786325760000000" remote="128786325760000000" Dst="1" />
<file name="SpryMenuBarRight_blue.gif" server="C:/wamp/www/Web_CV/" local="129089270280000000" remote="129089270280000000" Dst="1" />
<file name="SpryMenuBarVertical - copia.css" server="C:/wamp/www/Web_CV/" local="131113281630428624" remote="131113281630000000" Dst="1" />
<file name="SpryMenuBarVertical.css" server="C:/wamp/www/Web_CV/" local="131208477262533864" remote="131208477260000000" Dst="1" />
<file name="menuvert.html" server="C:/wamp/www/Web_Cv/" local="131117700684311640" remote="131117700680000000" Dst="1" />
<file name="SpryMenuBar.js" server="C:/wamp/www/Web_Cv/" local="128786325740000000" remote="128786325740000000" Dst="1" />
<file name="SpryMenuBarRight.gif" server="C:/wamp/www/Web_Cv/" local="128786325760000000" remote="128786325760000000" Dst="1" />
<file name="SpryMenuBarRightHover.gif" server="C:/wamp/www/Web_Cv/" local="128786325760000000" remote="128786325760000000" Dst="1" />
<file name="SpryMenuBarRight_blue.gif" server="C:/wamp/www/Web_Cv/" local="129089270280000000" remote="129089270280000000" Dst="1" />
<file name="SpryMenuBarVertical - copia.css" server="C:/wamp/www/Web_Cv/" local="131113281630428624" remote="131113281630000000" Dst="1" />
<file name="SpryMenuBarVertical.css" server="C:/wamp/www/Web_Cv/" local="131208477262533864" remote="131208477260000000" Dst="1" />
</dwsync>