<?xml version="1.0" encoding="utf-8" ?>
<dwsync>
<file name="Descargas.css" server="C:/wamp/www/Tutoriales/" local="130525049705805536" remote="130525049700000000" Dst="2" />
<file name="Descargas - copia.css" server="C:/wamp/www/Tutoriales/" local="129705995060000000" remote="129705995060000000" Dst="2" />
<file name="Descargas.css" server="C:/wamp/www/Descargas/" local="130525049720000000" remote="130525049720000000" Dst="2" />
<file name="Descargas - copia.css" server="C:/wamp/www/Descargas/" local="129705995060000000" remote="129705995060000000" Dst="2" />
<file name="DisenhoWeb.css" server="C:/wamp/www/Descargas/" local="130526760740000000" remote="130526760740000000" Dst="2" />
<file name="Descargas - copia.css" server="C:/wamp/www/Web_CV/" local="129705995060000000" remote="129705995060000000" Dst="1" />
<file name="Descargas.css" server="C:/wamp/www/Web_CV/" local="131264664357601167" remote="131264664350000000" Dst="1" />
<file name="DisenhoWeb.css" server="C:/wamp/www/Web_CV/" local="130526760740000000" remote="130526760740000000" Dst="1" />
<file name="Descargas - copia.css" server="C:/wamp/www/Web_Cv/" local="129705995060000000" remote="129705995060000000" Dst="1" />
<file name="Descargas.css" server="C:/wamp/www/Web_Cv/" local="131269102900000000" remote="131269102900000000" Dst="1" />
<file name="DisenhoWeb.css" server="C:/wamp/www/Web_Cv/" local="130526760740000000" remote="130526760740000000" Dst="1" />
</dwsync>