<?xml version="1.0" encoding="utf-8" ?>
<dwsync>
<file name="config.php" server="C:/wamp/www/MCGestion/" local="131163399180585256" remote="131163399180000000" Dst="2" />
<file name="config2.php" server="C:/wamp/www/MCGestion/" local="131159989046369305" remote="131159989040000000" Dst="2" />
<file name="config.php" server="C:/wamp/www/Conta_Juan/" local="131205768890311917" remote="131205768890000000" Dst="2" />
<file name="config2.php" server="C:/wamp/www/Conta_Juan/" local="131206689714939265" remote="131206689710000000" Dst="2" />
<file name="config2.php" server="C:/wamp/www/Web_CV/" local="131223046518932487" remote="131223046510000000" Dst="1" />
<file name="config.php" server="C:/wamp/www/Web_CV/" local="131235320027175641" remote="131235320020000000" Dst="1" />
<file name="index_Config_System.php" server="C:/wamp/www/Web_CV/" local="131235319897925564" remote="131235319890000000" Dst="1" />
<file name="index_Play_System.php" server="C:/wamp/www/Web_CV/" local="131264658297524741" remote="131264658290000000" Dst="1" />
<file name="config.php" server="C:/wamp/www/Web_Cv/" local="131911843037357707" remote="131911843030000000" Dst="1" />
<file name="config2.php" server="C:/wamp/www/Web_Cv/" local="131911847696488912" remote="131911847690000000" Dst="1" />
<file name="index_Config_System.php" server="C:/wamp/www/Web_Cv/" local="131911843210839800" remote="131911843210000000" Dst="1" />
<file name="index_Play_System.php" server="C:/wamp/www/Web_Cv/" local="131395897808679485" remote="131395897800000000" Dst="1" />
</dwsync>