<?xml version="1.0" encoding="utf-8" ?>
<dwsync>
<file name="Modalidad_Ver.php" server="C:/wamp/www/Web_CV/" local="131235323271048128" remote="131235323270000000" Dst="1" />
<file name="Modalidad_Borrar_01.php" server="C:/wamp/www/Web_CV/" local="131235323824005920" remote="131235323820000000" Dst="1" />
<file name="Modalidad_Borrar_02.php" server="C:/wamp/www/Web_CV/" local="131235331887898015" remote="131235331880000000" Dst="1" />
<file name="Modalidad_Crear.php" server="C:/wamp/www/Web_CV/" local="131235330496127353" remote="131235330490000000" Dst="1" />
<file name="Modalidad_Modificar_01.php" server="C:/wamp/www/Web_CV/" local="131235323560737480" remote="131235323560000000" Dst="1" />
<file name="Modalidad_Modificar_02.php" server="C:/wamp/www/Web_CV/" local="131235298177595239" remote="131235298170000000" Dst="1" />
<file name="Modalidad_Borrar_01.php" server="C:/wamp/www/Web_Cv/" local="131272194146649017" remote="131272194140000000" Dst="1" />
<file name="Modalidad_Borrar_02.php" server="C:/wamp/www/Web_Cv/" local="131235331887898015" remote="131235331880000000" Dst="1" />
<file name="Modalidad_Crear.php" server="C:/wamp/www/Web_Cv/" local="131913589711091037" remote="131913589710000000" Dst="1" />
<file name="Modalidad_Modificar_01.php" server="C:/wamp/www/Web_Cv/" local="131272194511329876" remote="131272194510000000" Dst="1" />
<file name="Modalidad_Modificar_02.php" server="C:/wamp/www/Web_Cv/" local="131769721531198962" remote="131769721530000000" Dst="1" />
<file name="Modalidad_Ver.php" server="C:/wamp/www/Web_Cv/" local="131235323271048128" remote="131235323270000000" Dst="1" />
</dwsync>